sepal_length,sepal_width,petal_length,petal_width,species
6.197371322408986,3.143114944139313,0.8300302141701392,1.8055908933162814,versicolor
5.689388559063052,3.2243138105472937,2.6211249586832093,0.46226774065789955,virginica
6.318150830480554,3.433220497270111,3.7094386594927298,1.8956847360845281,versicolor
7.0184238851264205,3.4215208208139614,3.7845650687765358,2.2845102870439606,virginica
5.612677300221331,2.4489322528171638,2.8898821513373614,1.5307479225789606,setosa
5.612690434440656,,4.821129878225498,2.701436650046453,versicolor
7.063370252405913,,1.7782832271113302,0.5809686407171415,virginica
6.413947783322326,,3.443716926961672,0.2042762373508663,virginica
5.424420491252038,,3.9165321370814183,-0.22297619912342292,setosa
6.2340480348687715,,4.625989901305749,2.3968354491913466,versicolor
5.42926584575003,,4.980906780560002,1.723492525083246,virginica
5.427416197143795,3.4542262560722397,1.6756442346918354,1.1555322632716358,setosa
5.993569817252827,3.3816007053972807,0.9385944926758798,1.4239749010558562,virginica
4.2693758042737615,3.2605565005223194,5.999818279417317,0.2996087621612987,versicolor
4.420065733989573,2.8738923021438616,4.2981652215632655,3.156601583693461,virginica
5.350169976607222,3.303587688197307,,1.303376945580182,virginica
4.98973510373246,2.6908699141849715,,1.2875158356839143,virginica
6.051397866076219,2.9052725573039964,,1.7806132991189534,virginica
5.073580739583031,2.805854580868359,,1.5848073853893705,setosa
4.670157038931767,3.032749655754529,3.8215332665381965,1.3791072194233052,setosa
6.972519015137243,3.9258634266694035,7.409346264787577,0.5676204356437504,versicolor
5.6193789596107715,2.2530939229633007,6.8596135163977685,1.5771746857087965,setosa
5.8540225637503385,3.2745040761498054,3.2518645327376676,2.7056195971800268,setosa
4.660201451029234,2.3549136515241393,5.44882771171784,2.2763360369239822,versicolor
5.364493820379853,2.8112272536842267,4.861676709253266,2.4745493013115176,setosa
5.888738071767893,3.4355802387869465,6.163536803558228,0.7910274588550519,setosa
4.879205138062158,3.025712007638185,1.963137770955812,0.4083161437931352,versicolor
6.100558414676537,2.5689020888282776,4.934892627997191,1.0993704639202815,versicolor
5.3194890480649555,2.713878516296013,5.605164076329258,1.2445799298309557,versicolor
5.566645000165378,3.2718390995738704,0.5342689244383942,2.075353214776759,virginica
5.318634710216482,2.7078533473131454,1.570134677201605,-0.15397170377185554,virginica
7.28182254760715,3.08658343583279,0.02938208003181897,2.423640255568491,versicolor
5.789202220209653,3.0182287359615256,3.215067697999796,1.0735936811368085,versicolor
4.953831256835279,2.739359860957673,4.991576060432733,0.8584951440420638,versicolor
6.458035929682551,3.8575776357301303,6.404242693772851,0.3903164997918659,virginica
4.8233250800231815,3.2535676089272045,3.8333706047555953,-0.12388533749261565,virginica
5.967090876003804,2.1899429653369573,6.631507982028325,1.8585364671695317,setosa
4.2322639008961795,3.074581725907771,1.2158173752131956,1.258654373750723,setosa
4.737451160881255,2.735285414092645,0.6339116091607218,0.16803128020715685,versicolor
5.957488988695299,3.3409733339184897,3.6000141419860863,0.16393698234910703,virginica
6.390773263996328,2.68299170462692,4.391317808090753,0.9313722405678974,virginica
5.9370946249519765,2.9541054234132402,3.6411494534306326,2.535217220231514,virginica
5.707481374089407,3.201994911592183,-0.021395780071777892,0.9923269189091162,versicolor
5.559117043528569,3.3463020776680485,3.539583928876981,-0.0025143624944850007,setosa
4.617182407706058,2.5198814371776894,1.3519548990912642,1.0034055487312445,versicolor
5.224124633284233,2.8661995056636207,4.905410587894069,0.9818211442018636,setosa
5.431488983232169,2.8100218755356177,4.359876842974327,-0.9575093143532574,setosa
6.645697780975133,2.7386683069705153,2.008216384610761,1.1565641067857502,versicolor
6.074894631654769,3.7061816961124388,2.7750395487939516,1.0152523758330576,setosa
4.389567875709813,3.161992684384382,1.7934156605998872,1.7569650918507347,setosa
6.059267175515836,2.4956464182659817,3.587177624908291,2.6791648759562765,virginica
5.491934175666946,3.3671447788219107,5.419256176902229,2.1012520236382057,setosa
5.258462399755233,3.8488624788050534,1.9256931165960214,0.9848890475561355,versicolor
6.289341031072694,3.412986104220459,4.607283727932121,0.31477927300666364,versicolor
6.624799617996761,2.3922520136183945,2.7455362869296067,3.2586878425998886,setosa
6.545024095292959,2.806306370853499,2.2728289019277805,1.2473747472115906,virginica
5.128625981421889,3.506764459674649,3.507345352081796,1.211143433530357,virginica
5.552630099319028,2.7169322137524876,1.8365638196451268,1.1806999303119974,setosa
6.065010745122851,3.1775277712584913,2.7034312503750724,1.3584678086142838,setosa
6.580436101697887,3.309853621371735,1.5438197933400728,1.084511670460846,versicolor
5.416660609723768,2.629227811368767,7.236505239249501,0.7410703944958109,setosa
5.651472818668946,2.97618985757528,3.7634743935491115,0.7625128470076863,virginica
4.914932020795177,1.7034930639723709,2.440494085613346,1.1737973838272013,setosa
4.843034700735463,2.590244943466284,4.085163839321599,0.7652601830929879,versicolor
6.450020657915358,2.898972739442736,3.4978095105565066,0.6297233738582685,versicolor
6.884992022856658,2.50088672721406,3.3022547208401987,1.2851441821535174,versicolor
5.742391902735733,3.6529645215726543,4.805500060078166,0.9960182260633157,versicolor
6.602826318313619,2.4279434488157468,5.06351387808515,2.403194390866151,versicolor
6.089308820038108,2.8239822053212063,2.7450979343010506,-0.9207758467144098,setosa
5.2839041963159,3.0522962309144366,2.663527166839576,2.0732054815379692,setosa
6.089116484406731,3.5765093156264465,3.204906945127041,2.1968681539981034,setosa
7.030429253172775,2.4256551395282244,-0.44345809652405244,-0.45871218592651974,setosa
5.771339168712038,3.465265500861984,0.9726560880426058,0.9258499247357209,versicolor
7.051714924651205,3.0040932244078347,6.160373681400145,0.9028473072033667,virginica
3.704203916728204,2.6073965395808196,6.660941884302311,0.07399064422574297,setosa
6.457522003500179,3.1848413897053085,3.251735128798519,0.5777466499272996,virginica
5.869637654590536,3.079623878229388,4.73780253350038,0.31153932362733694,setosa
5.560794119627306,2.759913249136482,4.260250278178365,2.601816354738898,setosa
5.873408621228402,3.0279208339960078,9.241985455219428,1.948542714517969,virginica
4.209944868319285,2.845874561255296,5.715234840582239,2.217244075995327,versicolor
5.624262489729991,3.0454069381004993,3.4697483353346206,1.7773376512345882,setosa
6.085690057209397,3.2648522698084186,1.9800272069192337,0.2967585830262165,setosa
6.982315235793212,3.634406726458141,0.8083966235363698,0.7803837869761809,setosa
5.385383825381082,2.5048738004692606,4.066234544561002,1.5914996489823343,virginica
5.15320511768545,3.8532133498625067,2.338568658488254,0.2222977528864436,versicolor
5.398594365132371,2.2191648801909993,1.1399433227241866,1.7703987441379105,virginica
6.532321694161659,2.9392859619857665,2.5361688083634526,1.0077396814734918,virginica
6.063000887727747,3.2353268825938306,1.7532135934940891,0.9001433539603219,versicolor
5.376191836986369,3.1123967470940133,6.736854943130616,1.768767974562793,virginica
6.210613946490684,2.7509201920717623,5.286951562509011,1.5554106491888318,versicolor
5.877662039478432,2.91675109985709,3.685649245630089,0.911227067344736,setosa
6.574915992426311,2.802799626136467,6.363899450002046,2.1274638426913985,versicolor
5.238357524898118,2.7642540972223153,3.8392629537657132,0.33514933792008206,setosa
5.537870282721785,3.33984083880841,2.1496884376091256,1.692748485555411,virginica
5.4863134774942734,3.142806194386019,6.441623339085384,1.674481006374707,virginica
4.629188041494305,2.722836161895738,4.670038078632386,0.9523628485488077,setosa
6.036896221651661,3.3598399501733,1.8329569222123787,1.4609064177936943,virginica
6.008844217743912,3.1229198083506438,3.3573903794495052,0.19910913889175763,versicolor
5.804090765313968,3.325144847535584,2.123887143907437,1.9392216153655208,setosa
5.612330293299882,3.2518515367694447,1.210960484264195,1.0520782908456088,virginica
4.667703406359668,2.668401995631171,5.367119585556955,0.7818215835847684,setosa
5.463483741787712,2.775927583921212,7.136949952846235,2.0392073806695112,versicolor
5.525828386778584,3.2989174420493046,1.1825783671255459,0.6365250475657925,versicolor
5.158178184622704,3.244148106173386,4.713344626043028,0.0732309629091521,virginica
5.670971430667192,2.991639362414341,2.5288433755807116,-0.045303338819123073,versicolor
6.123240685451631,3.0469309533235127,2.823174309223547,1.6848079610765117,setosa
7.308948720968424,3.51106595831537,2.6336909363700354,0.17565651800297344,versicolor
5.939662250265471,2.763371444465668,2.144816614576331,2.603835345587492,setosa
6.006040312578211,3.218838952468015,3.7873389303006886,-0.4655435263069778,setosa
5.740443267387066,2.919122939026442,2.204289790460132,2.5571650946320306,versicolor
4.264983027760767,2.912927518709112,4.18682228640371,1.3688139737620948,virginica
5.7787888996406265,3.439510740794876,3.6095714029915538,1.122629510503686,versicolor
5.848184167952821,3.330166539595212,3.2698935156404625,0.7640647305528401,setosa
7.770593689988229,3.3254038544002555,2.066385408325124,1.5193088914816566,setosa
5.646111228175101,3.5221915228617315,2.661811604977001,1.1698922380601213,versicolor
6.04123787386689,3.008401536653104,5.059704206486361,2.0826415056132173,virginica
5.772230584235805,3.2727811885179854,4.6016509377238854,1.2913821189296317,virginica
4.8650575699043745,2.8758932973626177,1.9404005593626084,1.320241409169502,setosa
6.714258251612017,3.1296665409953768,3.878798149772607,0.9091102302289152,setosa
6.4015464261494195,2.9479427782529264,5.05249682206922,1.154443501023146,virginica
6.4328255576344375,3.038798385997087,0.6950704939815311,1.4462414151136473,versicolor
5.072490036164209,3.2380628101747653,4.678048346283884,-0.16813471412530068,setosa
6.9222354487488795,2.672711726706611,2.507277233897476,0.12145166231542959,setosa
4.678519149766175,3.836954910274184,4.727077603467687,1.794611275218172,virginica
6.269485675040216,2.597593047400119,2.32613351822347,1.3366923505023534,versicolor
7.5523645006479825,2.514324554884907,0.45121221880386564,1.0528133309178567,virginica
5.007570939895449,3.463244349400027,0.7704236118103074,1.2147471464523145,versicolor
5.346961816317783,3.3166650775851743,3.7865529039904877,1.4780653642893369,versicolor
5.879721092070112,3.2496479268208622,4.167500503098667,0.7681922557525107,versicolor
5.397219476707041,3.251338203705712,2.072230074812065,0.5773562196781498,setosa
4.559469255147094,2.9951012908612342,4.849466425799273,1.3566762040781453,virginica
5.854850379844821,2.6410982514056673,0.7092638879158724,0.4173017779079743,virginica
4.950157029019116,3.0303218232774904,3.5810563624348304,1.5266022045715775,versicolor
6.178873944508145,2.729135315395155,1.520170840427578,-0.16206688339027253,setosa
5.064460612612957,3.3900478933671003,2.526695005956114,2.023324509860515,setosa
7.039947524014032,2.9411770473991448,3.7853176083695455,1.5780779859304344,virginica
5.17339736613101,2.6698011212829953,2.151255942488886,1.4048237874511005,setosa
5.54235078703546,2.8714456633388026,3.0078000203863144,1.986152787156411,setosa
6.450813773895735,3.16517258171025,5.511327056585993,2.5323795555700617,versicolor
4.815308546852836,2.77451017887841,2.661594634858332,2.0114960520145044,setosa
5.981967947683303,2.6711118417734276,5.2042458017172555,-0.2726993850653163,versicolor
6.845714203425942,3.097474884596765,1.6665276616162874,0.17633842661143873,virginica
4.514013412351018,3.097986628443489,4.653647520247509,0.7001451378434569,setosa
5.947707086825843,2.797222729851548,6.294823517184221,1.220872840168667,virginica
6.007906235398739,2.8115846777526707,-0.7489601002291204,1.6141272163752984,virginica
6.425458297421848,3.0928199749430547,2.265588540153142,0.6194049494772275,setosa
4.810439431297534,2.4207662634010703,4.738729828924972,1.3494134115816627,setosa
4.743634709532579,2.437014490249378,3.3345183051226135,0.5956936541173419,virginica
6.217553252493518,2.7126223114990258,4.368062572068356,0.7107857576064414,setosa
6.037587738586549,2.914621139315261,2.612826663911523,0.07467112252142205,versicolor
6.000394280276701,3.1243630262392017,3.85586161745122,0.46141340311127643,versicolor
6.07715856759758,3.590142486779821,3.4197809762942573,0.118652315506933,setosa
5.255980222737207,3.343063849280808,5.802007710987653,0.4193013976181337,virginica
5.9858029577288026,2.936024588014629,4.157957517942184,2.0429134372862716,setosa
6.034457978638945,2.9923935168389244,4.3076847917353644,0.4404808889344455,setosa
5.228518865578906,2.5989882541448766,2.958621460979559,3.305905651869913,virginica
7.292619608915805,2.992594745603044,2.8223087966695117,1.5946543207047115,virginica
6.17906633672943,2.8845365444319446,2.9213952619246824,1.3478688989558991,versicolor
4.846957202237881,3.129087424135236,4.410013856280934,0.513313775855029,virginica
6.325242886907064,2.669107622579071,2.942227934523527,1.7602479035271932,versicolor
5.020254663818143,3.207738605696469,4.221594742413544,0.7394897390097808,virginica
6.429667682993961,3.6130955652010313,7.43572143756179,1.2976078517162892,setosa
6.726876463205923,2.956495940617257,5.268024466177046,3.2480676306150356,versicolor
5.143454145318631,3.1606846888395768,3.113157642097886,1.1231520802202801,versicolor
6.5707009033954575,3.276057596684445,5.862185059895101,2.119418661028541,versicolor
6.130224741549198,2.8395118112456657,2.9654643285612075,0.63745885989929,setosa
6.457648127995592,3.089636992724167,0.03137583667986332,1.1720092076024307,setosa
7.317434386123158,3.005036960312718,1.8854446403486729,2.616640508508408,setosa
5.6036895071977035,3.0390704394195325,0.33257454215346005,0.698426353769786,setosa
5.1970110685140085,2.6907960864578135,3.0672757287256447,2.649958846397543,setosa
5.088388456299581,3.009804069703577,3.733153082541193,1.7662015483643803,versicolor
5.147351772027649,3.19919931649818,6.7175871620955085,0.7500265792845858,setosa
5.738318632468716,3.580457443118017,4.288469272775493,1.7059261912444166,versicolor
6.072921579853315,3.3837083304340827,3.3056190481440444,1.978043559701384,setosa
6.021352639464015,3.8612729830046226,5.1929300461302805,1.6974479697737572,virginica
6.461746599228819,2.69306097484478,-0.28004355621419297,-0.056179775912365226,versicolor
5.810401513502326,3.3489282546882713,4.124106204595419,0.6182902593401051,virginica
6.962827261725853,3.0733368022953407,5.08755734899654,1.0019850915587962,versicolor
5.588274533409635,3.875921173287069,1.0385447575962852,1.140453256719963,virginica
7.976135333271695,2.6766806858579395,5.758757277772473,1.6965376780405423,setosa
6.300533878212005,2.6641112631276895,4.309293533489946,1.342160800746603,setosa
5.114273954866974,2.760242941822391,2.952481754978558,0.1317245130319189,setosa
4.94328600155111,2.1504417102760773,4.839007358991313,1.5041582808047704,versicolor
6.1859779321945485,2.789697991327696,7.787247144047913,1.6884685962270585,virginica
5.621229771739319,2.6963469353785205,4.027359259105292,1.6478323583448318,setosa
6.371200395273673,3.060157514590483,4.146797055340605,2.0646245804436973,virginica
6.178590099658836,3.1367023903108637,2.873150380827561,1.8671377236391233,virginica
5.741736869874502,3.7504683356863544,2.1702801349633747,1.5673440633827493,setosa
5.122565025545276,3.38016953527442,5.194604469779643,1.1438674308330823,setosa
4.588122220251308,2.769238537735039,2.159049113364039,-0.12876874681279316,virginica
5.442788038346383,2.640634131460657,3.8288192269949066,1.5436945753060687,setosa
6.485119035458778,3.196767668602602,2.84021659582279,1.3661501497304889,setosa
5.971274995304163,2.471906717191743,4.5621636863435056,1.4172630697562987,setosa
4.80340897703041,3.7325835063417414,4.300591789516507,0.17860113934375232,versicolor
5.938544740680945,3.4717760482885147,5.567571899664219,0.33515476767339003,virginica
6.108253903783069,2.812329739158118,2.7819704820614555,2.0425222826663227,virginica
5.092914051039093,2.314746188363649,3.214225116471932,1.168355876914676,versicolor
5.922980084756422,3.541548949666165,1.9382253115918469,1.7452005578980994,virginica
5.8465669747568,2.9541840618989528,2.9002721318629994,1.222654700904369,setosa
4.885623761735501,3.495126524789385,4.379140887480734,1.223804911596596,virginica
