area,bedrooms,bathrooms,age,location,garage,price
4825.918796832083,1,1,11.053168572686422,suburban,yes,99168.89463932964
2594.615039464926,3,1,48.91986394002979,urban,yes,434282.88512993994
4455.821661026592,6,2,37.409595298949874,rural,no,247617.41748518674
523.1532683962165,5,3,27.890661275553498,rural,yes,431135.9843931772
4189.76112833645,5,1,9.029729908765043,suburban,no,451890.59233793675
1528.8132268621557,1,1,2.6929103499013065,suburban,yes,78105.91712858215
4589.155891712156,2,1,16.002991626049173,rural,no,447559.14334372734
505.0405016604927,6,3,37.65936679567014,urban,no,251743.57491623997
3002.8178076789063,4,3,13.466564915101253,rural,no,279694.62005190447
3904.861117032206,2,2,26.977811024775256,suburban,no,331966.6299919446
1664.097488140586,2,3,,urban,yes,466872.17302853905
1369.0978906428188,6,2,,urban,yes,58602.24249339382
878.4420101059309,1,2,,rural,no,264579.5607430177
1968.9510942648183,1,3,,suburban,no,359474.9190937523
3019.299405389733,1,2,,rural,yes,375218.1309642028
1021.2973555111595,1,3,,rural,yes,361639.5941916986
2195.1291289405945,5,2,7.533805385493869,rural,yes,110495.80823365483
540.8258209372623,1,3,17.119181801677325,urban,yes,184728.01476725657
4184.057392249288,5,3,20.670822464763074,urban,yes,211421.98643765604
1078.0192314193612,5,2,37.909250553826865,suburban,yes,411996.74345577724
,1,1,37.17118930383047,suburban,no,175441.94258654886
,3,2,30.597025266866552,rural,yes,144817.23374024144
,4,3,5.296535627924648,rural,yes,480851.60856714327
4280.546762335484,2,1,7.57846857938368,rural,no,53988.478301061004
2264.6804515033846,5,2,4.6878460322778315,suburban,yes,499019.3850568902
1307.7379554072504,6,2,28.858639164377504,urban,yes,354569.584485828
3891.6447532273364,6,2,43.856922075570196,urban,yes,422811.1847521027
4049.6314184183493,4,1,21.69002561273859,rural,yes,182578.72835578694
1281.8906388840505,6,3,8.04240869788731,rural,yes,56441.87495017699
3968.8434884344542,3,2,27.902116257448352,rural,no,382041.28335268854
4762.840497153521,6,2,40.587610843285496,rural,yes,425365.0686503041
1248.6991411952254,2,2,37.0856030756465,suburban,no,383214.2593790836
3969.42931639461,2,2,44.072538983751066,urban,no,114282.62928537736
3688.574020711832,5,2,13.895104862443391,rural,yes,389042.5650156361
2631.0824979578983,1,3,9.697693363388742,suburban,no,396015.25194843847
760.6420725145923,3,3,43.990824297096935,rural,yes,346343.2320515247
836.124879910343,5,2,32.878015638901154,rural,no,394752.1697580138
4335.865966393914,3,1,15.546446500377709,urban,no,430664.64785497944
4955.667677377912,1,3,37.11740252862546,rural,yes,326121.85140685627
3542.235157340395,6,1,40.75591922401839,urban,yes,89872.12128635557
2506.812381546447,6,3,30.748912017056618,urban,yes,269432.5143502449
3414.081395308584,1,2,34.394205493995756,urban,yes,84942.20060222228
3174.781366528454,5,3,18.762995222133316,suburban,yes,233394.36396459388
2226.255171825298,1,2,26.934783367151955,suburban,no,233197.92010653243
795.3176505830583,4,3,26.207958536308112,urban,no,79704.42986310871
4196.808263333484,2,2,42.402389556538594,rural,no,206969.2402862657
2173.2508815742603,5,2,41.998199014109126,urban,no,99949.14445609169
4184.535395106921,3,2,41.63402346735216,rural,no,413705.84450415
1636.28937359772,4,2,0.5515807131232897,urban,no,476459.6116840118
504.6326593053503,5,1,37.47727422344441,rural,no,82542.41386607237
1215.2222747454043,1,2,37.93381950555024,suburban,yes,479801.84328126564
2608.4273754586297,1,1,33.91894114275709,rural,yes,285159.4697015353
4749.366357310234,1,1,37.81323289457263,urban,no,184804.55507924326
959.8712886217354,1,2,42.09851857483544,suburban,no,84587.93387427359
4343.943985077047,3,1,23.515952705089283,rural,yes,275280.92063168803
2871.608432953379,4,3,25.10251067442236,rural,yes,407531.9950208369
4216.643446099535,6,2,6.235702845569524,rural,yes,368188.9147700142
1842.6849394549668,2,1,19.26879415236809,rural,yes,72601.70515878819
4279.762241026123,3,2,32.16825899558921,rural,no,82805.82591555658
3977.70251007562,3,2,39.019988807363724,suburban,yes,231292.9771846867
1535.2415736414525,6,2,10.860454884560527,suburban,no,182880.72232157446
1091.0080688422013,6,1,6.89114495796177,suburban,no,154572.94537522152
4406.244451395318,2,3,33.15210022502461,suburban,no,176452.02450892114
4834.564940480594,2,3,0.09399417624553208,urban,yes,411567.2344835981
640.8604118638231,6,1,8.918629215366492,suburban,yes,468152.62413433427
3790.715301381585,1,2,1.4535690171976867,rural,no,232296.21253740488
4592.860299265183,3,1,8.344255892743547,rural,no,457749.9509596237
4358.120414416244,5,1,9.065963996275261,suburban,no,194673.0655615469
4840.342125215939,2,1,19.38367973751971,rural,yes,264396.6438547062
3920.4233529714375,2,2,20.1163562343278,suburban,no,151713.04901719987
2490.3444307140962,6,1,43.713123530511886,rural,yes,338214.2189791298
1903.783957228087,4,2,25.505485624941258,urban,no,490541.501828664
1943.3423319715735,5,1,36.17023828061431,urban,no,321571.8932195204
3759.9020267635265,5,3,5.206867896014372,suburban,no,211016.337851097
3856.2665541393394,2,1,11.271937773184693,suburban,yes,341517.85069573775
1401.616145969207,1,1,35.14717204893384,suburban,yes,105314.30530942441
4406.55266070739,4,3,2.6401980234264046,rural,no,449896.5861194294
3717.1581809101144,5,2,24.329883112187655,suburban,yes,276387.7778509264
3032.376288545222,2,2,29.968448283146692,urban,no,252207.38391783892
2621.8960704613073,5,1,30.107282202624052,rural,yes,313639.15480408364
2944.5476260548116,4,3,1.1466405634021015,suburban,yes,331152.7382552311
1216.60582225669,4,2,16.105400211459276,rural,yes,82299.11280193087
1416.655621743234,3,1,31.8245325524577,rural,no,357177.7495505311
910.2402068278625,6,3,7.449986807462173,suburban,yes,158869.25614198833
1191.461171725007,6,2,34.77078241640266,rural,yes,371278.6846279654
2541.621355723772,2,2,37.296260440683724,urban,no,420140.65747288853
2886.5947717771523,4,3,49.098459522307266,urban,no,411781.32839863416
580.3785161524372,3,3,10.492099742820471,rural,no,298625.4353335501
4085.590225388124,3,3,41.25653338330576,suburban,no,284076.451539838
1823.7558800456504,5,3,26.0148288459327,rural,yes,114294.18260273527
4603.2621573196,5,1,18.67312980720867,urban,yes,398905.767681411
4853.8006862619995,3,3,6.118837866258897,rural,yes,172134.22120102146
1334.5649360449445,5,2,36.77528032437688,rural,yes,273512.9402680759
2579.437808445473,4,2,11.792879957184354,urban,yes,177923.34181738252
505.5432582489165,1,1,18.571100093652287,rural,no,110222.76334986191
3192.4726930509214,4,2,3.127111344868422,rural,yes,333300.96360128146
3232.8790171820206,3,2,40.068345790975954,suburban,yes,74449.41567030673
1613.9298002151882,3,3,38.32942619858217,suburban,yes,386890.35535679
3012.8570266243905,4,2,36.680791502115625,urban,no,192914.0578675025
1514.9306409968094,5,1,14.972175524594334,urban,no,50060.611852018395
1223.7146108518552,5,3,8.674003713297862,urban,yes,280008.1126567534
3431.837600610191,6,3,31.877663223511487,suburban,no,71083.3588374214
1966.664587784337,3,1,24.808319205660972,urban,no,174276.30101940478
3156.187724985301,2,3,8.91262334523208,urban,no,368139.41935507226
2449.6103703724502,6,3,34.295563552493185,urban,no,78210.32972983964
4929.581333313068,5,1,49.556321591065185,suburban,no,427702.32156020106
1173.112892004046,4,3,37.360979387101885,rural,no,51718.9651963624
2590.693684861146,5,1,36.99931933428059,urban,no,161070.741140856
3562.0548186169635,4,1,47.51563764652958,rural,yes,383406.82526843215
2279.9528774598593,6,2,10.14681837874511,urban,yes,192321.56737818805
4886.149333418104,3,2,28.27749824607202,rural,no,95851.5746297061
3748.4943256712077,5,3,48.98233575169417,suburban,yes,212105.26346019254
3456.427359040219,4,3,8.264705548508728,suburban,yes,171676.9788730365
3906.766704250505,3,1,35.012597972226054,urban,no,429220.3559722497
4786.918871174226,2,3,29.2905072985951,rural,yes,191006.5629133144
4585.1839384308805,4,1,29.323954609435347,suburban,no,405019.61229920323
3759.2838865688536,6,1,34.88353137600376,urban,no,451342.4651648306
3871.227375955774,2,3,46.48084614378421,urban,no,245217.83880943828
1156.6493331581546,2,1,39.1290969925669,suburban,yes,459474.4147344764
962.5658202169957,1,2,2.8068051708105,suburban,yes,219793.12428343677
3069.070258298739,5,3,42.636400993785564,urban,yes,483835.2874205487
582.65436623243,4,2,11.277066496286631,rural,yes,90180.28603650781
2670.603716982162,2,3,18.8457082368186,rural,no,359158.66992645926
1446.5731096349086,1,1,23.08664068061911,rural,no,272216.3182056179
2057.074554401778,6,3,24.045300037653483,urban,yes,224441.96245504118
3991.1213110683025,3,2,21.75901996276784,suburban,no,334720.3454368704
4735.568769045739,4,1,46.86766471079322,urban,no,366735.69123544905
825.8732246585367,2,3,35.30095038320123,suburban,yes,51963.47134263909
2904.089926894003,5,3,31.558532297835317,rural,no,125128.88993623943
4471.4006861882,1,3,2.492101389147078,rural,yes,370870.7227854434
871.2884049818957,2,2,45.195666513018736,suburban,no,349873.4361101929
4210.313211035753,5,2,45.46950960041981,suburban,yes,484721.37730790477
2110.106079177221,2,3,39.01065317150512,urban,no,392467.00561285234
1949.426159987009,4,1,0.3514601906809578,rural,no,477847.7184791021
4898.598738416536,4,1,2.864012553881168,urban,yes,366143.22569066315
1403.8659043803236,4,2,11.261185113424489,urban,yes,184123.4938877494
3619.372733702064,6,1,6.5674704072453345,urban,yes,97414.21501288541
4196.483276044399,6,2,19.941801485186474,rural,yes,401820.73850522103
685.3257287567226,1,3,46.13115290438948,urban,no,339867.14966416213
3516.734562594855,4,2,23.603021709849912,urban,no,71683.70557698331
4781.974884598972,5,2,0.6701313216082805,urban,yes,212022.70965544024
1058.9898502762671,2,3,14.137284478938101,urban,no,480559.91696792876
4532.995862082673,3,1,2.229745418648077,urban,yes,275180.51556959056
3176.4948681962123,5,2,1.8143811306751079,urban,yes,244728.11120886708
3274.720618381133,6,2,13.785992654777612,rural,no,255964.8223216823
3258.2487868952267,6,3,13.78061693394727,urban,no,143997.22580232366
1844.7614885179123,5,1,39.3563301300802,suburban,yes,215918.22688915784
4708.408168847569,6,2,48.7417326390556,urban,yes,216415.96519422947
4763.077081839674,4,3,18.560354694499914,urban,yes,73559.75908436258
3313.870970962765,1,2,21.44434394305193,rural,no,395405.43283306324
4025.402266737266,2,3,42.23947181430107,rural,no,237426.99435674553
3255.160936465211,1,1,13.406951004775669,suburban,no,419980.94906739047
2679.7930140831827,2,1,7.819090220172398,suburban,no,432656.60050395294
3473.690532346628,2,1,42.65448117018252,rural,yes,145397.32461439614
2988.5065366638128,1,1,2.3250293220032745,rural,yes,345809.06697655784
3188.6413818436854,5,2,30.984972009970786,urban,yes,262526.8118733418
4027.2464903848786,2,2,28.099642373340338,rural,yes,446070.5320646683
2664.0672415204317,1,1,17.296022375084714,suburban,yes,147083.30562940435
683.3934774161274,2,1,15.75947605486795,urban,yes,355015.9401395199
1237.9976644527376,3,1,38.59288630908107,suburban,no,323488.45501372515
2473.7324742029227,5,2,4.321230538127324,urban,no,182885.66490732474
3761.7195194332626,4,1,11.83921546556927,rural,yes,111470.40664302767
3169.7539173958044,2,1,36.62243659190449,suburban,yes,343237.89221477445
3426.3238364305425,3,1,27.41602918632121,urban,no,382368.8561595488
2656.755178593293,4,3,6.399410426679319,urban,no,192032.3046935075
3270.8390987400926,4,1,44.106780714103,rural,no,340174.6718100412
1980.57847016598,2,3,19.672392328179576,rural,no,227808.90842517646
2615.821667134993,1,3,41.39341876610864,rural,yes,370943.097477178
3849.2557951773,2,1,39.38565077638543,suburban,yes,139646.87370232388
4423.247505379046,3,3,31.2212723235864,urban,yes,450596.7511862785
2451.44900280375,4,1,24.724056564754648,rural,yes,179334.3184095109
696.4774596831253,2,2,48.97754201908784,suburban,yes,215503.6944902688
1227.526448660612,1,2,7.2482536189908515,suburban,no,76141.3784361574
593.8751268119214,2,2,36.25778637755574,suburban,yes,100180.49554457437
3439.6835865679855,5,2,9.55953507323945,rural,no,282137.8562205477
1995.41581409799,1,3,16.91315526661742,rural,yes,170416.70452758716
2941.1538607371535,3,1,15.434937168659763,urban,yes,425966.1015839875
2719.745810527098,4,1,47.35179938693615,urban,yes,56612.02489472923
866.8692029859201,2,1,48.36780888941376,rural,yes,220592.32190237127
2314.676125057243,1,2,9.150772211736358,suburban,yes,201805.4960460917
1492.5250621504547,5,2,1.1017580148752093,suburban,no,58697.43391292047
2382.799049004437,1,1,36.000401983155655,suburban,no,105965.7795502296
1416.102261540092,6,2,20.899496693524217,urban,no,236139.20371338588
4282.0358282462,5,1,4.442012254378219,suburban,yes,271789.06300135097
1283.8700146021415,3,1,34.18770527885213,urban,yes,231930.3862646911
4823.512481691396,4,1,27.255276413034984,urban,no,288921.95528544224
2371.583147661234,3,1,49.0258411000553,suburban,yes,317809.2537075567
4308.103814085722,2,1,11.370474793068947,suburban,yes,54465.71950752603
3329.441681926753,1,1,20.198893816327413,rural,no,258842.82175407675
3809.076343995887,6,1,27.127290169771147,rural,yes,483574.65839941474
3954.7574963005113,5,2,39.584999422667586,suburban,no,283564.5260582969
2771.80196851858,5,1,27.441932836002934,urban,yes,354894.0203565289
2944.8523551347976,1,1,30.64500804309746,urban,no,190338.73606259745
2812.9814051392623,6,2,11.307352579497037,urban,yes,398296.12016874313
3146.2627014053564,1,2,42.345936404427995,urban,yes,397814.6668442518
632.2750059042828,2,2,21.431527348523787,urban,no,284583.22144436254
2279.8182643205687,3,1,7.0479813760884635,rural,yes,489206.22047564614
3227.849211025272,5,3,33.209395725270866,suburban,yes,106497.59664319402
3189.7560436513895,2,3,10.804522659265375,rural,no,57626.44920031145
4068.302425725342,3,2,4.878125511964987,urban,yes,396571.1952906932
3447.5420247444886,2,3,43.099345420213616,urban,no,413219.99181419716
4964.5999235330255,6,2,23.008113224421983,urban,yes,104093.25310425932
1777.3453787389026,5,1,37.46418563478882,urban,yes,169512.27483137272
2116.1796334980418,1,3,14.529377990317755,suburban,yes,57898.56351498301
2227.3121834050835,1,1,39.34850674588331,urban,yes,181988.8748512541
2596.1576315911184,3,3,5.596796351076517,suburban,no,397913.8432634022
4261.991287015442,4,1,17.798668689742637,urban,yes,283082.23747066053
1561.0644228164444,6,3,48.903090898676425,suburban,no,206643.01692572964
3992.000931659433,3,1,39.699485818400305,rural,yes,217282.68270784864
2323.8958238858454,4,1,24.86279651573441,urban,yes,50609.13157196067
3208.3492264790384,2,3,16.988873578094253,suburban,yes,184910.23740435616
3346.4323995183777,6,1,43.606785001123825,rural,yes,340906.4337370687
2177.818867350205,2,1,27.242387954225784,urban,no,488387.4997173607
2806.7684234261233,5,1,37.92125089345556,urban,no,431177.3721427548
2358.6402859146365,6,3,37.7053840158082,urban,no,60617.734090488106
811.0975378397875,4,3,0.8972839284245915,suburban,no,454352.2721036777
2467.2442496757194,5,1,6.312689139630673,suburban,yes,402439.2859843817
938.2702664909848,1,1,32.98146831973711,rural,no,401169.2556069412
2322.593595861447,4,3,8.080990564293572,suburban,no,256098.09155160715
3168.1327992430183,3,3,12.774667232780235,suburban,yes,229102.38182952628
3107.367047045753,1,1,47.33189770998036,urban,yes,186312.0779749367
3481.7957555374414,1,1,28.009112918745593,urban,yes,79562.6865294646
928.6767857958183,3,1,37.53647534996736,urban,yes,152705.9135721646
3434.5546048869705,6,2,27.899036939131992,urban,no,160971.63574011106
1904.6662551340119,1,3,27.62568073913626,urban,no,267834.6813695907
2295.706757617,4,2,4.707595506284895,urban,yes,386349.9829685123
4360.938142652176,5,3,17.18315963045515,urban,yes,263214.422779076
540.6368185829762,1,3,14.121544934325586,rural,yes,76030.00225122226
3147.8568500327247,4,3,19.53641828068066,rural,no,481005.4104446917
3194.212910450484,2,3,39.91720941121641,rural,no,474225.9435923505
2284.968993546029,4,3,18.59663339584324,rural,yes,403335.2944167838
1566.6253569875128,5,3,22.584840961584135,urban,yes,496097.55570389924
1556.0331721769799,4,3,19.869069524265825,rural,no,295017.04976011836
4476.693513473387,3,2,4.6703985987647805,urban,yes,483245.7576139427
2489.1096820228586,5,1,22.053607912539185,rural,yes,84022.26827753785
1989.0021334512737,6,1,9.780463652225752,suburban,no,214556.3367176171
2519.4990822413138,2,2,9.336164788652074,rural,yes,151421.57060304465
3512.256806567126,3,2,4.701805221713318,rural,no,138124.8878604215
1155.9045571013826,6,2,17.833548707088237,urban,yes,113361.32700170424
2522.45225846182,4,2,37.87409423947087,rural,yes,330086.1387046985
3145.4796699967414,5,3,13.822084529169803,suburban,no,401594.8350862873
4768.625096831452,2,1,15.617455094275678,urban,no,310234.2797391623
1636.3750193393867,3,3,32.13373288362118,urban,yes,116133.21931469435
2116.6283656231053,6,1,9.792040629345944,rural,no,415005.6964700619
2207.113654650907,6,1,44.847896521176715,urban,yes,336179.6182236778
3224.9217094019727,2,2,26.00952616257772,urban,yes,224674.56775714798
2105.2942386800078,4,3,22.38014701601085,urban,no,353358.6329912283
2900.80366384863,2,2,27.89100959646007,urban,yes,166957.2406592748
4018.0564843026323,6,3,8.301715670809774,urban,yes,205336.49382239472
3674.235173504916,1,1,30.673656931958813,urban,no,462868.6294093956
2508.658909306635,3,2,18.15503683170052,suburban,no,180727.0275521392
4388.97279953376,2,2,44.85931704823095,rural,yes,261494.72067107147
3011.631123172383,6,1,8.442710333884307,suburban,no,450563.5118282066
2929.576277759956,4,1,25.352555193272053,urban,no,368474.60762038734
653.8449467262118,6,1,29.9056314684509,urban,no,77991.45177411624
4940.118411607227,4,2,1.6691800893190611,rural,no,116286.36992553665
1053.36863838332,2,3,18.184656237807012,suburban,yes,53528.71584736257
1540.0891059244098,4,2,36.63176173504164,rural,yes,333914.8056031235
732.6357675868713,5,3,41.01887537244867,suburban,yes,251453.04143468823
3380.0133507661117,5,2,15.658099740864117,urban,no,110423.68290602398
1511.15529637706,5,2,39.929663619137564,rural,no,481070.3544755467
1310.0469686272559,1,1,48.38779385516944,rural,no,288346.87577552896
898.5001290045863,2,3,42.8436968037547,urban,no,158851.98235080013
964.8903070580704,6,2,5.88219940796626,rural,no,275271.6070196184
3131.018151991649,6,2,36.98651660427703,suburban,no,355829.1497307985
3596.9353963996796,1,1,15.983341622027236,suburban,no,84307.648088104
2288.2054480898046,4,1,49.420799470603825,suburban,yes,173616.7167715514
2659.5368671643296,1,3,24.267949157994355,suburban,yes,413134.47089779715
3586.8548119234283,4,2,6.1216949179470515,urban,no,256849.19168119755
578.2090558346583,4,3,36.25927740136954,rural,no,295959.7139145327
1954.0879568162534,3,2,16.15055991931069,suburban,no,244767.20099426116
4878.939866316559,6,3,49.85390785408308,urban,yes,69754.9741893523
3110.5050336296063,5,1,48.989122892726094,rural,yes,124587.40091907016
1644.0106095387196,4,2,32.80670090102903,rural,no,250493.7374338509
2847.785209862959,3,3,6.491322447585879,urban,no,144133.45943356754
2041.940696544119,6,1,34.343049883751455,urban,yes,72490.56289685544
2895.102449718346,5,1,4.65152432300136,suburban,yes,429642.3488233207
1065.8368031299196,4,3,1.4682079551196159,rural,yes,491536.63812385214
1097.2159421867482,4,2,41.1479223110743,rural,yes,406914.2932985327
1145.940629177268,1,2,10.487647384184068,urban,no,434203.2147671002
4729.189063670788,1,1,18.95135631095487,rural,yes,158889.70864267042
3798.045132536038,6,2,48.67286949880866,suburban,yes,482282.13898093987
1230.7185259804442,5,2,16.842025093055163,rural,no,138616.5670040428
1347.5708769452065,4,2,14.824489064165764,urban,yes,478143.41466282454
3788.7326369189436,6,1,45.91039998113876,urban,yes,497668.682284678
1202.7373015647827,6,3,5.537422265947906,suburban,yes,370275.2625857219
1555.525820006729,2,2,37.979120505731586,suburban,no,491514.67930631986
4835.060747691796,1,1,49.4032783326387,rural,yes,306292.9008051966
1648.8793612779434,5,1,45.06480053873244,rural,no,166793.80242924066
3477.3455766701604,4,3,32.5833959353213,urban,no,246648.14854952937
4903.840793302386,6,2,15.703039749636599,suburban,yes,317102.4209204537
2184.3354521290667,4,2,12.716099058915836,suburban,yes,82886.70291215675
578.82195887928,2,3,40.962755243573056,suburban,yes,330054.46907776076
1598.6628069006842,5,3,43.99109569758476,rural,yes,491530.02654303255
4238.947361037674,6,1,26.27174562728464,suburban,no,135548.44240267744
4390.739761797665,4,1,12.216997039323306,urban,yes,406667.8023297725
3958.3371403570604,1,3,5.647160420558678,urban,yes,458554.4572008287
1008.9941858445786,2,2,4.358973391591558,rural,yes,474665.71676909935
4079.796672633814,5,1,35.95387236769278,rural,no,482061.02198245126
4634.050086470769,2,1,21.00593639238625,suburban,yes,284656.8374246624
